Thread,Block,Number of step,Seed,Test kerkel,"Mean of result of Test kernel
in float_st (MoT)","Significant digits
of MoT",Reference kernel,"Mean of result of Reference kernel 
in double_st (MoR)","Significant digits 
of MoR","Mean of absolute error of 
two kernel results in double_st (MEAN)","Significant digits
of MEAN","Similar Representation Part 
of MoR and MoT (SRP)","Number of Similar Digits
in fractional part of MoR and MoT 
without exponent (NSD)"
32,1024,1,1,0,0.141572E+003,6,8,0.141573212963266E+003,15,0.265779022186052E-003,15,0.14157,5
32,1024,1,2,0,-0.94451E+002,5,8,-0.944515437528662E+002,15,0.187611066095882E-003,15,-0.94451,5
32,1024,1,3,0,-0.120726E+003,6,8,-0.120726427593710E+003,15,0.230085030636928E-004,15,-0.120726,6
32,1024,1,4,0,-0.130821E+002,6,8,-0.130821606731842E+002,15,0.289694896000725E-004,15,-0.130821,6
32,1024,1,5,0,0.128629E+003,6,8,0.128629984260314E+003,15,0.200676064707749E-004,15,0.128629,6
32,1024,1,6,0,0.157666E+003,6,8,0.157666582364970E+003,15,0.537841184780063E-004,15,0.157666,6
32,1024,1,7,0,0.272936E+003,6,8,0.272936606664996E+003,15,0.425373921757454E-004,15,0.272936,6
32,1024,1,8,0,-0.226574E+003,6,8,-0.226574426500749E+003,15,0.430022888053827E-005,15,-0.226574,6
32,1024,1,9,0,-0.963759E+002,6,8,-0.963759972646730E+002,15,0.207021730602718E-004,15,-0.963759,6
32,1024,1,10,0,-0.103273E+003,6,8,-0.103273154132391E+003,15,0.595720351554973E-004,15,-0.103273,6
32,1024,N,1,0,0.141572E+003,6,8,0.141572039192122E+003,15,0.263730481719903E-005,15,0.141572,6
32,1024,N,2,0,-0.9444952E+002,7,8,-0.944495209071064E+002,15,0.301867476082406E-005,15,-0.9444952,7
32,1024,N,3,0,-0.120728E+003,6,8,-0.120728547775728E+003,15,0.163315053214319E-005,15,-0.120728,6
32,1024,N,4,0,-0.13079E+002,5,8,-0.130798596802633E+002,15,0.407927048762246E-005,15,-0.13079,5
32,1024,N,5,0,0.1286277E+003,7,8,0.128627720266937E+003,15,0.420248397858813E-005,15,0.1286277,7
32,1024,N,6,0,0.1576688E+003,7,8,0.157668878098455E+003,15,0.163514145583576E-004,15,0.1576688,7
32,1024,N,7,0,0.272934E+003,6,8,0.272934585153896E+003,15,0.148413964780047E-004,15,0.272934,6
32,1024,N,8,0,-0.2265719E+003,7,8,-0.226571982118515E+003,15,0.132424491994242E-005,15,-0.2265719,7
32,1024,N,9,0,-0.963788E+002,6,8,-0.963788888950366E+002,15,0.718243731512302E-005,15,-0.963788,6
32,1024,N,10,0,-0.103270E+003,6,8,-0.103270968573557E+003,15,0.299738530884496E-005,15,-0.103270,6
64,512,1,1,0,0.141574E+003,6,8,0.141574384913979E+003,15,0.108494223240995E-003,15,0.141574,6
64,512,1,2,0,-0.944516E+002,6,8,-0.944515437528662E+002,15,0.858858056744793E-004,15,-0.94451,5
64,512,1,3,0,-0.120726E+003,6,8,-0.120726427593710E+003,15,0.331810291100964E-004,15,-0.120726,6
64,512,1,4,0,-0.13082E+002,5,8,-0.130821606731842E+002,15,0.218931406088529E-004,15,-0.13082,5
64,512,1,5,0,0.1286300E+003,7,8,0.128629984260314E+003,15,0.206224976864177E-004,15,0.1286,4
64,512,1,6,0,0.1576664E+003,7,8,0.157666582364970E+003,15,0.886312461148008E-004,15,0.157666,6
64,512,1,7,0,0.272936E+003,6,8,0.272936606664996E+003,15,0.388428161386400E-004,15,0.272936,6
64,512,1,8,0,-0.226574E+003,6,8,-0.226574426500749E+003,15,0.106025489287731E-003,15,-0.226574,6
64,512,1,9,0,-0.963759E+002,6,8,-0.963759972646730E+002,15,0.308746991066755E-004,15,-0.963759,6
64,512,1,10,0,-0.103273E+003,6,8,-0.103273154132391E+003,15,0.870940493769012E-005,15,-0.103273,6
64,512,N,1,0,0.141572E+003,6,8,0.141572039192122E+003,15,0.263730481719903E-005,15,0.141572,6
64,512,N,2,0,-0.944495E+002,6,8,-0.944495209071064E+002,15,0.173263773319831E-004,15,-0.944495,6
64,512,N,3,0,-0.120728E+003,6,8,-0.120728547775728E+003,15,0.187119015606640E-004,15,-0.120728,6
64,512,N,4,0,-0.13079E+002,5,8,-0.130798596802633E+002,15,0.863638706505298E-005,15,-0.13079,5
64,512,N,5,0,0.1286277E+003,7,8,0.128627720266937E+003,15,0.420248397858813E-005,15,0.1286277,7
64,512,N,6,0,0.157668E+003,6,8,0.157668878098455E+003,15,0.617888849774317E-005,15,0.157668,6
64,512,N,7,0,0.2729345E+003,7,8,0.272934585153896E+003,15,0.148413964780047E-004,15,0.2729345,7
64,512,N,8,0,-0.226572E+003,6,8,-0.226571982118515E+003,15,0.132424491994242E-005,15,-0.22657,5
64,512,N,9,0,-0.963788E+002,6,8,-0.963788888950366E+002,15,0.718243731512302E-005,15,-0.963788,6
64,512,N,10,0,-0.1032709E+003,7,8,-0.103270968573557E+003,15,0.717514072334779E-005,15,-0.1032709,7
128,256,1,1,0,0.141574E+003,6,8,0.141574384913979E+003,15,0.237486152911969E-004,15,0.141574,6
128,256,1,2,0,-0.944514E+002,6,8,-0.944515437528662E+002,15,0.361845068255206E-004,15,-0.94451,5
128,256,1,3,0,-0.120726E+003,6,8,-0.120726427593710E+003,15,0.266345098509646E-005,15,-0.120726,6
128,256,1,4,0,-0.13082E+002,5,8,-0.130821606731842E+002,15,0.416851471527479E-004,15,-0.13082,5
128,256,1,5,0,0.128629E+003,6,8,0.128629984260314E+003,15,0.277445622032246E-006,15,0.128629,6
128,256,1,6,0,0.157666E+003,6,8,0.157666582364970E+003,15,0.741291705708135E-004,15,0.157666,6
128,256,1,7,0,0.272936E+003,6,8,0.272936606664996E+003,15,0.184728799013100E-005,15,0.272936,6
128,256,1,8,0,-0.2265743E+003,7,8,-0.226574426500749E+003,15,0.246452809733455E-004,15,-0.226574,6
128,256,1,9,0,-0.963760E+002,6,8,-0.963759972646730E+002,15,0.357120981675507E-006,15,-0.9637,4
128,256,1,10,0,-0.103273E+003,6,8,-0.103273154132391E+003,15,0.523257513123098E-004,15,-0.103273,6
128,256,N,1,0,0.141572E+003,6,8,0.141572039192122E+003,15,0.263730481719903E-005,15,0.141572,6
128,256,N,2,0,-0.944495E+002,6,8,-0.944495209071064E+002,15,0.301867476082406E-005,15,-0.944495,6
128,256,N,3,0,-0.1207285E+003,7,8,-0.120728547775728E+003,15,0.187119015606640E-004,15,-0.1207285,7
128,256,N,4,0,-0.13079E+002,5,8,-0.130798596802633E+002,15,0.990795281907708E-005,15,-0.13079,5
128,256,N,5,0,0.128627E+003,6,8,0.128627720266937E+003,15,0.420248397858813E-005,15,0.128627,6
128,256,N,6,0,0.157668E+003,6,8,0.157668878098455E+003,15,0.163514145583576E-004,15,0.157668,6
128,256,N,7,0,0.2729345E+003,7,8,0.272934585153896E+003,15,0.148413964780047E-004,15,0.2729345,7
128,256,N,8,0,-0.226571E+003,6,8,-0.226571982118515E+003,15,0.132424491994242E-005,15,-0.226571,6
128,256,N,9,0,-0.963788E+002,6,8,-0.963788888950366E+002,15,0.718243731512302E-005,15,-0.963788,6
128,256,N,10,0,-0.103270E+003,6,8,-0.103270968573557E+003,15,0.299738530884496E-005,15,-0.103270,6
256,128,1,1,0,0.141574E+003,6,8,0.141574384913979E+003,15,0.135760892590042E-004,15,0.141574,6
256,128,1,2,0,-0.944516E+002,6,8,-0.944515437528662E+002,15,0.157093487970882E-003,15,-0.94451,5
256,128,1,3,0,-0.120726E+003,6,8,-0.120726427593710E+003,15,0.750907506130715E-005,15,-0.120726,6
256,128,1,4,0,-0.130821E+002,6,8,-0.130821606731842E+002,15,0.264263580902479E-004,15,-0.130821,6
256,128,1,5,0,0.128630E+003,6,8,0.128629984260314E+003,15,0.206224976864177E-004,15,0.1286,4
256,128,1,6,0,0.157666E+003,6,8,0.157666582364970E+003,15,0.479411419291864E-004,15,0.157666,6
256,128,1,7,0,0.2729365E+003,7,8,0.272936606664996E+003,15,0.221923401113599E-004,15,0.272936,6
256,128,1,8,0,-0.226574E+003,6,8,-0.226574426500749E+003,15,0.430022888053827E-005,15,-0.226574,6
256,128,1,9,0,-0.963760E+002,6,8,-0.963759972646730E+002,15,0.105296470280791E-004,15,-0.9637,4
256,128,1,10,0,-0.1032731E+003,7,8,-0.103273154132391E+003,15,0.218081731873098E-004,15,-0.1032731,7
256,128,N,1,0,0.141572E+003,6,8,0.141572039192122E+003,15,0.263730481719903E-005,15,0.141572,6
256,128,N,2,0,-0.944495E+002,6,8,-0.944495209071064E+002,15,0.233637268394204E-004,15,-0.944495,6
256,128,N,3,0,-0.1207285E+003,7,8,-0.120728547775728E+003,15,0.163315053214319E-005,15,-0.1207285,7
256,128,N,4,0,-0.130798E+002,6,8,-0.130798596802633E+002,15,0.609325555345208E-005,15,-0.130798,6
256,128,N,5,0,0.128627E+003,6,8,0.128627720266937E+003,15,0.420248397858813E-005,15,0.128627,6
256,128,N,6,0,0.157668E+003,6,8,0.157668878098455E+003,15,0.163514145583576E-004,15,0.157668,6
256,128,N,7,0,0.2729345E+003,7,8,0.272934585153896E+003,15,0.148413964780047E-004,15,0.2729345,7
256,128,N,8,0,-0.226571E+003,6,8,-0.226571982118515E+003,15,0.216692969843279E-004,15,-0.226571,6
256,128,N,9,0,-0.963788E+002,6,8,-0.963788888950366E+002,15,0.718243731512302E-005,15,-0.963788,6
256,128,N,10,0,-0.103270E+003,6,8,-0.103270968573557E+003,15,0.717514072334779E-005,15,-0.103270,6
32,1024,1,1,1,0.14157E+003,5,8,0.141574384913979E+003,15,0.383152426365995E-003,15,0.14157,5
32,1024,1,2,1,-0.94451E+002,5,8,-0.944515437528662E+002,15,0.259980079732713E-003,15,-0.94451,5
32,1024,1,3,1,-0.12072E+003,5,8,-0.120726427593710E+003,15,0.455100220889903E-003,15,-0.12072,5
32,1024,1,4,1,-0.1308E+002,4,8,-0.130821606731842E+002,15,0.468931240902747E-003,15,-0.1308,4
32,1024,1,5,1,0.12863E+003,5,8,0.128629984260314E+003,15,0.417351013311417E-003,15,0.1286,4
32,1024,1,6,1,0.15766E+003,5,8,0.157666582364970E+003,15,0.460685160135199E-003,15,0.15766,5
32,1024,1,7,1,0.27293E+003,5,8,0.272936606664996E+003,15,0.445743857824254E-003,15,0.27293,5
32,1024,1,8,1,-0.22657E+003,5,8,-0.226574426500749E+003,15,0.472236426787731E-003,15,-0.22657,5
32,1024,1,9,1,-0.96375E+002,5,8,-0.963759972646730E+002,15,0.447948266810271E-003,15,-0.96375,5
32,1024,1,10,1,-0.10327E+003,5,8,-0.103273154132391E+003,15,0.388019110687309E-003,15,-0.10327,5
32,1024,N,1,1,0.14157E+003,5,8,0.141572039192122E+003,15,0.511263606910006E-003,15,0.14157,5
32,1024,N,2,1,-0.94449E+002,5,8,-0.944495209071064E+002,15,0.505607627331983E-003,15,-0.94449,5
32,1024,N,3,1,-0.12072E+003,5,8,-0.120728547775728E+003,15,0.479741874485739E-003,15,-0.12072,5
32,1024,N,4,1,-0.1307E+002,4,8,-0.130798596802633E+002,15,0.507619309550122E-003,15,-0.1307,4
32,1024,N,5,1,0.12862E+003,5,8,0.128627720266937E+003,15,0.504423818085797E-003,15,0.12862,5
32,1024,N,6,1,0.15766E+003,5,8,0.157668878098455E+003,15,0.514805190590550E-003,15,0.15766,5
32,1024,N,7,1,0.27293E+003,5,8,0.272934585153896E+003,15,0.473439853521995E-003,15,0.27293,5
32,1024,N,8,1,-0.22657E+003,5,8,-0.226571982118515E+003,15,0.509950546984327E-003,15,-0.22657,5
32,1024,N,9,1,-0.96378E+002,5,8,-0.963788888950366E+002,15,0.491271338731280E-003,15,-0.96378,5
32,1024,N,10,1,-0.10327E+003,5,8,-0.103270968573557E+003,15,0.491278635308844E-003,15,-0.10327,5
64,512,1,1,1,0.14157E+003,5,8,0.141574384913979E+003,15,0.454360108676610E-003,15,0.14157,5
64,512,1,2,1,-0.94451E+002,5,8,-0.944515437528662E+002,15,0.412567970357713E-003,15,-0.94451,5
64,512,1,3,1,-0.12072E+003,5,8,-0.120726427593710E+003,15,0.414410116718499E-003,15,-0.12072,5
64,512,1,4,1,-0.1308E+002,4,8,-0.130821606731842E+002,15,0.429512702490697E-003,15,-0.1308,4
64,512,1,5,1,0.12863E+003,5,8,0.128629984260314E+003,15,0.427523539372032E-003,15,0.1286,4
64,512,1,6,1,0.15766E+003,5,8,0.157666582364970E+003,15,0.440340108070813E-003,15,0.15766,5
64,512,1,7,1,0.27293E+003,5,8,0.272936606664996E+003,15,0.486433962009868E-003,15,0.27293,5
64,512,1,8,1,-0.22657E+003,5,8,-0.226574426500749E+003,15,0.512926530973345E-003,15,-0.22657,5
64,512,1,9,1,-0.96375E+002,5,8,-0.963759972646730E+002,15,0.397085636606675E-003,15,-0.96375,5
64,512,1,10,1,-0.10327E+003,5,8,-0.103273154132391E+003,15,0.408364162765906E-003,15,-0.10327,5
64,512,N,1,1,0.14157E+003,5,8,0.141572039192122E+003,15,0.480746028785006E-003,15,0.14157,5
64,512,N,2,1,-0.94449E+002,5,8,-0.944495209071064E+002,15,0.475090049206983E-003,15,-0.94449,5
64,512,N,3,1,-0.12072E+003,5,8,-0.120728547775728E+003,15,0.459396822407143E-003,15,-0.12072,5
64,512,N,4,1,-0.1307E+002,4,8,-0.130798596802633E+002,15,0.466929205384047E-003,15,-0.1307,4
64,512,N,5,1,0.12862E+003,5,8,0.128627720266937E+003,15,0.463733713928604E-003,15,0.12862,5
64,512,N,6,1,0.15766E+003,5,8,0.157668878098455E+003,15,0.463942560372743E-003,15,0.15766,5
64,512,N,7,1,0.27293E+003,5,8,0.272934585153896E+003,15,0.473439853521995E-003,15,0.27293,5
64,512,N,8,1,-0.22657E+003,5,8,-0.226571982118515E+003,15,0.489605494919942E-003,15,-0.22657,5
64,512,N,9,1,-0.96378E+002,5,8,-0.963788888950366E+002,15,0.481098812684876E-003,15,-0.96378,5
64,512,N,10,1,-0.10327E+003,5,8,-0.103270968573557E+003,15,0.450588531151652E-003,15,-0.10327,5
128,256,1,1,1,0.14157E+003,5,8,0.141574384913979E+003,15,0.464532634708803E-003,15,0.14157,5
128,256,1,2,1,-0.94451E+002,5,8,-0.944515437528662E+002,15,0.432913022450520E-003,15,-0.94451,5
128,256,1,3,1,-0.12072E+003,5,8,-0.120726427593710E+003,15,0.444927694843499E-003,15,-0.12072,5
128,256,1,4,1,-0.1308E+002,4,8,-0.130821606731842E+002,15,0.451129320328647E-003,15,-0.1308,4
128,256,1,5,1,0.12863E+003,5,8,0.128629984260314E+003,15,0.468213643529225E-003,15,0.1286,4
128,256,1,6,1,0.15766E+003,5,8,0.157666582364970E+003,15,0.460685160135199E-003,15,0.15766,5
128,256,1,7,1,0.27293E+003,5,8,0.272936606664996E+003,15,0.466088909888640E-003,15,0.27293,5
128,256,1,8,1,-0.22657E+003,5,8,-0.226574426500749E+003,15,0.472236426787731E-003,15,-0.22657,5
128,256,1,9,1,-0.96375E+002,5,8,-0.963759972646730E+002,15,0.427603214731675E-003,15,-0.96375,5
128,256,1,10,1,-0.10327E+003,5,8,-0.103273154132391E+003,15,0.428709214844502E-003,15,-0.10327,5
128,256,N,1,1,0.14157E+003,5,8,0.141572039192122E+003,15,0.480746028785006E-003,15,0.14157,5
128,256,N,2,1,-0.94449E+002,5,8,-0.944495209071064E+002,15,0.495435101285579E-003,15,-0.94449,5
128,256,N,3,1,-0.12072E+003,5,8,-0.120728547775728E+003,15,0.459396822407143E-003,15,-0.12072,5
128,256,N,4,1,-0.1307E+002,4,8,-0.130798596802633E+002,15,0.486002691712172E-003,15,-0.1307,4
128,256,N,5,1,0.12862E+003,5,8,0.128627720266937E+003,15,0.463733713928604E-003,15,0.12862,5
128,256,N,6,1,0.15766E+003,5,8,0.157668878098455E+003,15,0.484287612465550E-003,15,0.15766,5
128,256,N,7,1,0.27293E+003,5,8,0.272934585153896E+003,15,0.473439853521995E-003,15,0.27293,5
128,256,N,8,1,-0.22657E+003,5,8,-0.226571982118515E+003,15,0.489605494919942E-003,15,-0.22657,5
128,256,N,9,1,-0.96378E+002,5,8,-0.963788888950366E+002,15,0.470926286652684E-003,15,-0.96378,5
128,256,N,10,1,-0.10327E+003,5,8,-0.103270968573557E+003,15,0.470933583230248E-003,15,-0.10327,5
256,128,1,1,1,0.14157E+003,5,8,0.141574384913979E+003,15,0.434015056583803E-003,15,0.14157,5
256,128,1,2,1,-0.94451E+002,5,8,-0.944515437528662E+002,15,0.504120704732713E-003,15,-0.94451,5
256,128,1,3,1,-0.12072E+003,5,8,-0.120726427593710E+003,15,0.434755168811307E-003,15,-0.12072,5
256,128,1,4,1,-0.1308E+002,4,8,-0.130821606731842E+002,15,0.470202806656772E-003,15,-0.1308,4
256,128,1,5,1,0.12863E+003,5,8,0.128629984260314E+003,15,0.458041117497032E-003,15,0.1286,4
256,128,1,6,1,0.15766E+003,5,8,0.157666582364970E+003,15,0.470857686195813E-003,15,0.15766,5
256,128,1,7,1,0.27293E+003,5,8,0.272936606664996E+003,15,0.486433962009868E-003,15,0.27293,5
256,128,1,8,1,-0.22657E+003,5,8,-0.226574426500749E+003,15,0.431546322630538E-003,15,-0.22657,5
256,128,1,9,1,-0.96375E+002,5,8,-0.963759972646730E+002,15,0.447948266810271E-003,15,-0.96375,5
256,128,1,10,1,-0.10327E+003,5,8,-0.103273154132391E+003,15,0.438881740890906E-003,15,-0.10327,5
256,128,N,1,1,0.14157E+003,5,8,0.141572039192122E+003,15,0.470573502752813E-003,15,0.14157,5
256,128,N,2,1,-0.94449E+002,5,8,-0.944495209071064E+002,15,0.464917523160579E-003,15,-0.94449,5
256,128,N,3,1,-0.12072E+003,5,8,-0.120728547775728E+003,15,0.459396822407143E-003,15,-0.12072,5
256,128,N,4,1,-0.1307E+002,4,8,-0.130798596802633E+002,15,0.492360520487622E-003,15,-0.1307,4
256,128,N,5,1,0.12862E+003,5,8,0.128627720266937E+003,15,0.463733713928604E-003,15,0.12862,5
256,128,N,6,1,0.15766E+003,5,8,0.157668878098455E+003,15,0.494460138497743E-003,15,0.15766,5
256,128,N,7,1,0.27293E+003,5,8,0.272934585153896E+003,15,0.473439853521995E-003,15,0.27293,5
256,128,N,8,1,-0.22657E+003,5,8,-0.226571982118515E+003,15,0.489605494919942E-003,15,-0.22657,5
256,128,N,9,1,-0.96378E+002,5,8,-0.963788888950366E+002,15,0.481098812684876E-003,15,-0.96378,5
256,128,N,10,1,-0.10327E+003,5,8,-0.103270968573557E+003,15,0.470933583230248E-003,15,-0.10327,5
32,1024,1,1,2,0.14157E+003,5,8,0.141574384913979E+003,15,0.362807374301610E-003,15,0.14157,5
32,1024,1,2,2,-0.94451E+002,5,8,-0.944515437528662E+002,15,0.168427345357713E-003,15,-0.94451,5
32,1024,1,3,2,-0.12072E+003,5,8,-0.120726427593710E+003,15,0.444927694843499E-003,15,-0.12072,5
32,1024,1,4,2,-0.1308E+002,4,8,-0.130821606731842E+002,15,0.507078213558997E-003,15,-0.1308,4
32,1024,1,5,2,0.12863E+003,5,8,0.128629984260314E+003,15,0.417351013311417E-003,15,0.1286,4
32,1024,1,6,2,0.15766E+003,5,8,0.157666582364970E+003,15,0.430167582010199E-003,15,0.15766,5
32,1024,1,7,2,0.27293E+003,5,8,0.272936606664996E+003,15,0.466088909888640E-003,15,0.27293,5
32,1024,1,8,2,-0.22657E+003,5,8,-0.226574426500749E+003,15,0.431546322630538E-003,15,-0.22657,5
32,1024,1,9,2,-0.96375E+002,5,8,-0.963759972646730E+002,15,0.458120792856675E-003,15,-0.96375,5
32,1024,1,10,2,-0.10327E+003,5,8,-0.103273154132391E+003,15,0.388019110687309E-003,15,-0.10327,5
32,1024,N,1,2,0.14157E+003,5,8,0.141572039192122E+003,15,0.501091080877813E-003,15,0.14157,5
32,1024,N,2,2,-0.94449E+002,5,8,-0.944495209071064E+002,15,0.505607627331983E-003,15,-0.94449,5
32,1024,N,3,2,-0.12072E+003,5,8,-0.120728547775728E+003,15,0.510259452610739E-003,15,-0.12072,5
32,1024,N,4,2,-0.1307E+002,4,8,-0.130798596802633E+002,15,0.489817388977797E-003,15,-0.1307,4
32,1024,N,5,2,0.12862E+003,5,8,0.128627720266937E+003,15,0.504423818085797E-003,15,0.12862,5
32,1024,N,6,2,0.15766E+003,5,8,0.157668878098455E+003,15,0.504632664558357E-003,15,0.15766,5
32,1024,N,7,2,0.27293E+003,5,8,0.272934585153896E+003,15,0.514129957650766E-003,15,0.27293,5
32,1024,N,8,2,-0.22657E+003,5,8,-0.226571982118515E+003,15,0.530295599077135E-003,15,-0.22657,5
32,1024,N,9,2,-0.96378E+002,5,8,-0.963788888950366E+002,15,0.511616390809876E-003,15,-0.96378,5
32,1024,N,10,2,-0.10327E+003,5,8,-0.103270968573557E+003,15,0.491278635308844E-003,15,-0.10327,5
64,512,1,1,2,0.14157E+003,5,8,0.141574384913979E+003,15,0.505222738865995E-003,15,0.14157,5
64,512,1,2,2,-0.94451E+002,5,8,-0.944515437528662E+002,15,0.392222918279117E-003,15,-0.94451,5
64,512,1,3,2,-0.12072E+003,5,8,-0.120726427593710E+003,15,0.404237590686307E-003,15,-0.12072,5
64,512,1,4,2,-0.1308E+002,4,8,-0.130821606731842E+002,15,0.424426439469272E-003,15,-0.1308,4
64,512,1,5,2,0.12863E+003,5,8,0.128629984260314E+003,15,0.407178487279225E-003,15,0.1286,4
64,512,1,6,2,0.15766E+003,5,8,0.157666582364970E+003,15,0.399650003885199E-003,15,0.15766,5
64,512,1,7,2,0.27293E+003,5,8,0.272936606664996E+003,15,0.506779014074254E-003,15,0.27293,5
64,512,1,8,2,-0.22657E+003,5,8,-0.226574426500749E+003,15,0.492581478880538E-003,15,-0.22657,5
64,512,1,9,2,-0.96375E+002,5,8,-0.963759972646730E+002,15,0.417430688685271E-003,15,-0.96375,5
64,512,1,10,2,-0.10327E+003,5,8,-0.103273154132391E+003,15,0.408364162765906E-003,15,-0.10327,5
64,512,N,1,2,0.14157E+003,5,8,0.141572039192122E+003,15,0.470573502752813E-003,15,0.14157,5
64,512,N,2,2,-0.94449E+002,5,8,-0.944495209071064E+002,15,0.475090049206983E-003,15,-0.94449,5
64,512,N,3,2,-0.12072E+003,5,8,-0.120728547775728E+003,15,0.479741874485739E-003,15,-0.12072,5
64,512,N,4,2,-0.1307E+002,4,8,-0.130798596802633E+002,15,0.458028245096997E-003,15,-0.1307,4
64,512,N,5,2,0.12862E+003,5,8,0.128627720266937E+003,15,0.463733713928604E-003,15,0.12862,5
64,512,N,6,2,0.15766E+003,5,8,0.157668878098455E+003,15,0.463942560372743E-003,15,0.15766,5
64,512,N,7,2,0.27293E+003,5,8,0.272934585153896E+003,15,0.473439853521995E-003,15,0.27293,5
64,512,N,8,2,-0.22657E+003,5,8,-0.226571982118515E+003,15,0.489605494919942E-003,15,-0.22657,5
64,512,N,9,2,-0.96378E+002,5,8,-0.963788888950366E+002,15,0.470926286652684E-003,15,-0.96378,5
64,512,N,10,2,-0.10327E+003,5,8,-0.103270968573557E+003,15,0.481106109276652E-003,15,-0.10327,5
128,256,1,1,2,0.14157E+003,5,8,0.141574384913979E+003,15,0.474705160740995E-003,15,0.14157,5
128,256,1,2,2,-0.94451E+002,5,8,-0.944515437528662E+002,15,0.392222918279117E-003,15,-0.94451,5
128,256,1,3,2,-0.12072E+003,5,8,-0.120726427593710E+003,15,0.485617799014903E-003,15,-0.12072,5
128,256,1,4,2,-0.1308E+002,4,8,-0.130821606731842E+002,15,0.460030280615697E-003,15,-0.1308,4
128,256,1,5,2,0.12863E+003,5,8,0.128629984260314E+003,15,0.458041117497032E-003,15,0.1286,4
128,256,1,6,2,0.15766E+003,5,8,0.157666582364970E+003,15,0.430167582010199E-003,15,0.15766,5
128,256,1,7,2,0.27293E+003,5,8,0.272936606664996E+003,15,0.486433962009868E-003,15,0.27293,5
128,256,1,8,2,-0.22657E+003,5,8,-0.226574426500749E+003,15,0.451891374723345E-003,15,-0.22657,5
128,256,1,9,2,-0.96375E+002,5,8,-0.963759972646730E+002,15,0.458120792856675E-003,15,-0.96375,5
128,256,1,10,2,-0.10327E+003,5,8,-0.103273154132391E+003,15,0.459226792969502E-003,15,-0.10327,5
128,256,N,1,2,0.14157E+003,5,8,0.141572039192122E+003,15,0.480746028785006E-003,15,0.14157,5
128,256,N,2,2,-0.94449E+002,5,8,-0.944495209071064E+002,15,0.495435101285579E-003,15,-0.94449,5
128,256,N,3,2,-0.12072E+003,5,8,-0.120728547775728E+003,15,0.479741874485739E-003,15,-0.12072,5
128,256,N,4,2,-0.1307E+002,4,8,-0.130798596802633E+002,15,0.475830165669322E-003,15,-0.1307,4
128,256,N,5,2,0.12862E+003,5,8,0.128627720266937E+003,15,0.473906239960797E-003,15,0.12862,5
128,256,N,6,2,0.15766E+003,5,8,0.157668878098455E+003,15,0.494460138497743E-003,15,0.15766,5
128,256,N,7,2,0.27293E+003,5,8,0.272934585153896E+003,15,0.493784905586380E-003,15,0.27293,5
128,256,N,8,2,-0.22657E+003,5,8,-0.226571982118515E+003,15,0.489605494919942E-003,15,-0.22657,5
128,256,N,9,2,-0.96378E+002,5,8,-0.963788888950366E+002,15,0.460753760606280E-003,15,-0.96378,5
128,256,N,10,2,-0.10327E+003,5,8,-0.103270968573557E+003,15,0.460761057183844E-003,15,-0.10327,5
256,128,1,1,2,0.14157E+003,5,8,0.141574384913979E+003,15,0.474705160740995E-003,15,0.14157,5
256,128,1,2,2,-0.94451E+002,5,8,-0.944515437528662E+002,15,0.463430600575520E-003,15,-0.94451,5
256,128,1,3,2,-0.12072E+003,5,8,-0.120726427593710E+003,15,0.465272746936307E-003,15,-0.12072,5
256,128,1,4,2,-0.1308E+002,4,8,-0.130821606731842E+002,15,0.474017503922397E-003,15,-0.1308,4
256,128,1,5,2,0.12863E+003,5,8,0.128629984260314E+003,15,0.447868591436417E-003,15,0.1286,4
256,128,1,6,2,0.15766E+003,5,8,0.157666582364970E+003,15,0.460685160135199E-003,15,0.15766,5
256,128,1,7,2,0.27293E+003,5,8,0.272936606664996E+003,15,0.486433962009868E-003,15,0.27293,5
256,128,1,8,2,-0.22657E+003,5,8,-0.226574426500749E+003,15,0.431546322630538E-003,15,-0.22657,5
256,128,1,9,2,-0.96375E+002,5,8,-0.963759972646730E+002,15,0.488638370981675E-003,15,-0.96375,5
256,128,1,10,2,-0.10327E+003,5,8,-0.103273154132391E+003,15,0.459226792969502E-003,15,-0.10327,5
256,128,N,1,2,0.14157E+003,5,8,0.141572039192122E+003,15,0.480746028785006E-003,15,0.14157,5
256,128,N,2,2,-0.94449E+002,5,8,-0.944495209071064E+002,15,0.495435101285579E-003,15,-0.94449,5
256,128,N,3,2,-0.12072E+003,5,8,-0.120728547775728E+003,15,0.469569348439335E-003,15,-0.12072,5
256,128,N,4,2,-0.1307E+002,4,8,-0.130798596802633E+002,15,0.460571376606822E-003,15,-0.1307,4
256,128,N,5,2,0.12862E+003,5,8,0.128627720266937E+003,15,0.473906239960797E-003,15,0.12862,5
256,128,N,6,2,0.15766E+003,5,8,0.157668878098455E+003,15,0.474115086433357E-003,15,0.15766,5
256,128,N,7,2,0.27293E+003,5,8,0.272934585153896E+003,15,0.473439853521995E-003,15,0.27293,5
256,128,N,8,2,-0.22657E+003,5,8,-0.226571982118515E+003,15,0.489605494919942E-003,15,-0.22657,5
256,128,N,9,2,-0.96378E+002,5,8,-0.963788888950366E+002,15,0.470926286652684E-003,15,-0.96378,5
256,128,N,10,2,-0.10327E+003,5,8,-0.103270968573557E+003,15,0.481106109276652E-003,15,-0.10327,5
32,512,1,1,3,0.14157E+003,5,8,0.141574384913979E+003,15,0.505222738865995E-003,15,0.14157,5
32,512,1,2,3,-0.94451E+002,5,8,-0.944515437528662E+002,15,0.402395444325520E-003,15,-0.94451,5
32,512,1,3,3,-0.12072E+003,5,8,-0.120726427593710E+003,15,0.404237590686307E-003,15,-0.12072,5
32,512,1,4,3,-0.1308E+002,4,8,-0.130821606731842E+002,15,0.424426439469272E-003,15,-0.1308,4
32,512,1,5,3,0.12863E+003,5,8,0.128629984260314E+003,15,0.407178487279225E-003,15,0.1286,4
32,512,1,6,3,0.15766E+003,5,8,0.157666582364970E+003,15,0.450512634103006E-003,15,0.15766,5
32,512,1,7,3,0.27293E+003,5,8,0.272936606664996E+003,15,0.506779014074254E-003,15,0.27293,5
32,512,1,8,3,-0.22657E+003,5,8,-0.226574426500749E+003,15,0.492581478880538E-003,15,-0.22657,5
32,512,1,9,3,-0.96375E+002,5,8,-0.963759972646730E+002,15,0.427603214731675E-003,15,-0.96375,5
32,512,1,10,3,-0.10327E+003,5,8,-0.103273154132391E+003,15,0.408364162765906E-003,15,-0.10327,5
32,512,N,1,3,0.14157E+003,5,8,0.141572039192122E+003,15,0.470573502752813E-003,15,0.14157,5
32,512,N,2,3,-0.94449E+002,5,8,-0.944495209071064E+002,15,0.475090049206983E-003,15,-0.94449,5
32,512,N,3,3,-0.12072E+003,5,8,-0.120728547775728E+003,15,0.479741874485739E-003,15,-0.12072,5
32,512,N,4,3,-0.1307E+002,4,8,-0.130798596802633E+002,15,0.458028245096997E-003,15,-0.1307,4
32,512,N,5,3,0.12862E+003,5,8,0.128627720266937E+003,15,0.463733713928604E-003,15,0.12862,5
32,512,N,6,3,0.15766E+003,5,8,0.157668878098455E+003,15,0.463942560372743E-003,15,0.15766,5
32,512,N,7,3,0.27293E+003,5,8,0.272934585153896E+003,15,0.473439853521995E-003,15,0.27293,5
32,512,N,8,3,-0.22657E+003,5,8,-0.226571982118515E+003,15,0.489605494919942E-003,15,-0.22657,5
32,512,N,9,3,-0.96378E+002,5,8,-0.963788888950366E+002,15,0.470926286652684E-003,15,-0.96378,5
32,512,N,10,3,-0.10327E+003,5,8,-0.103270968573557E+003,15,0.481106109276652E-003,15,-0.10327,5
64,256,1,1,3,0.14157E+003,5,8,0.141574384913979E+003,15,0.474705160740995E-003,15,0.14157,5
64,256,1,2,3,-0.94451E+002,5,8,-0.944515437528662E+002,15,0.392222918279117E-003,15,-0.94451,5
64,256,1,3,3,-0.12072E+003,5,8,-0.120726427593710E+003,15,0.485617799014903E-003,15,-0.12072,5
64,256,1,4,3,-0.1308E+002,4,8,-0.130821606731842E+002,15,0.460030280615697E-003,15,-0.1308,4
64,256,1,5,3,0.12863E+003,5,8,0.128629984260314E+003,15,0.458041117497032E-003,15,0.1286,4
64,256,1,6,3,0.15766E+003,5,8,0.157666582364970E+003,15,0.430167582010199E-003,15,0.15766,5
64,256,1,7,3,0.27293E+003,5,8,0.272936606664996E+003,15,0.486433962009868E-003,15,0.27293,5
64,256,1,8,3,-0.22657E+003,5,8,-0.226574426500749E+003,15,0.451891374723345E-003,15,-0.22657,5
64,256,1,9,3,-0.96375E+002,5,8,-0.963759972646730E+002,15,0.458120792856675E-003,15,-0.96375,5
64,256,1,10,3,-0.10327E+003,5,8,-0.103273154132391E+003,15,0.459226792969502E-003,15,-0.10327,5
64,256,N,1,3,0.14157E+003,5,8,0.141572039192122E+003,15,0.480746028785006E-003,15,0.14157,5
64,256,N,2,3,-0.94449E+002,5,8,-0.944495209071064E+002,15,0.495435101285579E-003,15,-0.94449,5
64,256,N,3,3,-0.12072E+003,5,8,-0.120728547775728E+003,15,0.479741874485739E-003,15,-0.12072,5
64,256,N,4,3,-0.1307E+002,4,8,-0.130798596802633E+002,15,0.475830165669322E-003,15,-0.1307,4
64,256,N,5,3,0.12862E+003,5,8,0.128627720266937E+003,15,0.473906239960797E-003,15,0.12862,5
64,256,N,6,3,0.15766E+003,5,8,0.157668878098455E+003,15,0.494460138497743E-003,15,0.15766,5
64,256,N,7,3,0.27293E+003,5,8,0.272934585153896E+003,15,0.493784905586380E-003,15,0.27293,5
64,256,N,8,3,-0.22657E+003,5,8,-0.226571982118515E+003,15,0.489605494919942E-003,15,-0.22657,5
64,256,N,9,3,-0.96378E+002,5,8,-0.963788888950366E+002,15,0.460753760606280E-003,15,-0.96378,5
64,256,N,10,3,-0.10327E+003,5,8,-0.103270968573557E+003,15,0.460761057183844E-003,15,-0.10327,5
128,128,1,1,3,0.14157E+003,5,8,0.141574384913979E+003,15,0.474705160740995E-003,15,0.14157,5
128,128,1,2,3,-0.94451E+002,5,8,-0.944515437528662E+002,15,0.463430600575520E-003,15,-0.94451,5
128,128,1,3,3,-0.12072E+003,5,8,-0.120726427593710E+003,15,0.465272746936307E-003,15,-0.12072,5
128,128,1,4,3,-0.1308E+002,4,8,-0.130821606731842E+002,15,0.474017503922397E-003,15,-0.1308,4
128,128,1,5,3,0.12863E+003,5,8,0.128629984260314E+003,15,0.447868591436417E-003,15,0.1286,4
128,128,1,6,3,0.15766E+003,5,8,0.157666582364970E+003,15,0.460685160135199E-003,15,0.15766,5
128,128,1,7,3,0.27293E+003,5,8,0.272936606664996E+003,15,0.486433962009868E-003,15,0.27293,5
128,128,1,8,3,-0.22657E+003,5,8,-0.226574426500749E+003,15,0.431546322630538E-003,15,-0.22657,5
128,128,1,9,3,-0.96375E+002,5,8,-0.963759972646730E+002,15,0.488638370981675E-003,15,-0.96375,5
128,128,1,10,3,-0.10327E+003,5,8,-0.103273154132391E+003,15,0.459226792969502E-003,15,-0.10327,5
128,128,N,1,3,0.14157E+003,5,8,0.141572039192122E+003,15,0.480746028785006E-003,15,0.14157,5
128,128,N,2,3,-0.94449E+002,5,8,-0.944495209071064E+002,15,0.495435101285579E-003,15,-0.94449,5
128,128,N,3,3,-0.12072E+003,5,8,-0.120728547775728E+003,15,0.469569348439335E-003,15,-0.12072,5
128,128,N,4,3,-0.1307E+002,4,8,-0.130798596802633E+002,15,0.460571376606822E-003,15,-0.1307,4
128,128,N,5,3,0.12862E+003,5,8,0.128627720266937E+003,15,0.473906239960797E-003,15,0.12862,5
128,128,N,6,3,0.15766E+003,5,8,0.157668878098455E+003,15,0.474115086433357E-003,15,0.15766,5
128,128,N,7,3,0.27293E+003,5,8,0.272934585153896E+003,15,0.473439853521995E-003,15,0.27293,5
128,128,N,8,3,-0.22657E+003,5,8,-0.226571982118515E+003,15,0.489605494919942E-003,15,-0.22657,5
128,128,N,9,3,-0.96378E+002,5,8,-0.963788888950366E+002,15,0.470926286652684E-003,15,-0.96378,5
128,128,N,10,3,-0.10327E+003,5,8,-0.103270968573557E+003,15,0.481106109276652E-003,15,-0.10327,5
256,64,1,1,3,0.14157E+003,5,8,0.141574384913979E+003,15,0.464532634708803E-003,15,0.14157,5
256,64,1,2,3,-0.94451E+002,5,8,-0.944515437528662E+002,15,0.432913022450520E-003,15,-0.94451,5
256,64,1,3,3,-0.12072E+003,5,8,-0.120726427593710E+003,15,0.444927694843499E-003,15,-0.12072,5
256,64,1,4,3,-0.1308E+002,4,8,-0.130821606731842E+002,15,0.449857754574622E-003,15,-0.1308,4
256,64,1,5,3,0.12863E+003,5,8,0.128629984260314E+003,15,0.437696065404225E-003,15,0.1286,4
256,64,1,6,3,0.15766E+003,5,8,0.157666582364970E+003,15,0.470857686195813E-003,15,0.15766,5
256,64,1,7,3,0.27293E+003,5,8,0.272936606664996E+003,15,0.445743857824254E-003,15,0.27293,5
256,64,1,8,3,-0.22657E+003,5,8,-0.226574426500749E+003,15,0.451891374723345E-003,15,-0.22657,5
256,64,1,9,3,-0.96375E+002,5,8,-0.963759972646730E+002,15,0.468293318903079E-003,15,-0.96375,5
256,64,1,10,3,-0.10327E+003,5,8,-0.103273154132391E+003,15,0.449054266937309E-003,15,-0.10327,5
256,64,N,1,3,0.14157E+003,5,8,0.141572039192122E+003,15,0.450228450660006E-003,15,0.14157,5
256,64,N,2,3,-0.94449E+002,5,8,-0.944495209071064E+002,15,0.454744997114175E-003,15,-0.94449,5
256,64,N,3,3,-0.12072E+003,5,8,-0.120728547775728E+003,15,0.439051770314335E-003,15,-0.12072,5
256,64,N,4,3,-0.1307E+002,4,8,-0.130798596802633E+002,15,0.455485113587172E-003,15,-0.1307,4
256,64,N,5,3,0.12862E+003,5,8,0.128627720266937E+003,15,0.433216135803604E-003,15,0.12862,5
256,64,N,6,3,0.15766E+003,5,8,0.157668878098455E+003,15,0.474115086433357E-003,15,0.15766,5
256,64,N,7,3,0.27293E+003,5,8,0.272934585153896E+003,15,0.453094801400766E-003,15,0.27293,5
256,64,N,8,3,-0.22657E+003,5,8,-0.226571982118515E+003,15,0.469260442827135E-003,15,-0.22657,5
256,64,N,9,3,-0.96378E+002,5,8,-0.963788888950366E+002,15,0.481098812684876E-003,15,-0.96378,5
256,64,N,10,3,-0.10327E+003,5,8,-0.103270968573557E+003,15,0.460761057183844E-003,15,-0.10327,5
32,512,1,1,4,0.14157E+003,5,8,0.141574384913979E+003,15,0.505222738865995E-003,15,0.14157,5
32,512,1,2,4,-0.94451E+002,5,8,-0.944515437528662E+002,15,0.402395444325520E-003,15,-0.94451,5
32,512,1,3,4,-0.12072E+003,5,8,-0.120726427593710E+003,15,0.394065064639903E-003,15,-0.12072,5
32,512,1,4,4,-0.1308E+002,4,8,-0.130821606731842E+002,15,0.424426439469272E-003,15,-0.1308,4
32,512,1,5,4,0.12863E+003,5,8,0.128629984260314E+003,15,0.407178487279225E-003,15,0.1286,4
32,512,1,6,4,0.15766E+003,5,8,0.157666582364970E+003,15,0.450512634103006E-003,15,0.15766,5
32,512,1,7,4,0.27293E+003,5,8,0.272936606664996E+003,15,0.506779014074254E-003,15,0.27293,5
32,512,1,8,4,-0.22657E+003,5,8,-0.226574426500749E+003,15,0.492581478880538E-003,15,-0.22657,5
32,512,1,9,4,-0.96375E+002,5,8,-0.963759972646730E+002,15,0.427603214731675E-003,15,-0.96375,5
32,512,1,10,4,-0.10327E+003,5,8,-0.103273154132391E+003,15,0.408364162765906E-003,15,-0.10327,5
32,512,N,1,4,0.14157E+003,5,8,0.141572039192122E+003,15,0.470573502752813E-003,15,0.14157,5
32,512,N,2,4,-0.94449E+002,5,8,-0.944495209071064E+002,15,0.454744997114175E-003,15,-0.94449,5
32,512,N,3,4,-0.12072E+003,5,8,-0.120728547775728E+003,15,0.459396822407143E-003,15,-0.12072,5
32,512,N,4,4,-0.1307E+002,4,8,-0.130798596802633E+002,15,0.458028245096997E-003,15,-0.1307,4
32,512,N,5,4,0.12862E+003,5,8,0.128627720266937E+003,15,0.453561187896411E-003,15,0.12862,5
32,512,N,6,4,0.15766E+003,5,8,0.157668878098455E+003,15,0.474115086433357E-003,15,0.15766,5
32,512,N,7,4,0.27293E+003,5,8,0.272934585153896E+003,15,0.432749749336380E-003,15,0.27293,5
32,512,N,8,4,-0.22657E+003,5,8,-0.226571982118515E+003,15,0.489605494919942E-003,15,-0.22657,5
32,512,N,9,4,-0.96378E+002,5,8,-0.963788888950366E+002,15,0.460753760606280E-003,15,-0.96378,5
32,512,N,10,4,-0.10327E+003,5,8,-0.103270968573557E+003,15,0.470933583230248E-003,15,-0.10327,5
64,256,1,1,4,0.14157E+003,5,8,0.141574384913979E+003,15,0.474705160740995E-003,15,0.14157,5
64,256,1,2,4,-0.94451E+002,5,8,-0.944515437528662E+002,15,0.392222918279117E-003,15,-0.94451,5
64,256,1,3,4,-0.12072E+003,5,8,-0.120726427593710E+003,15,0.485617799014903E-003,15,-0.12072,5
64,256,1,4,4,-0.1308E+002,4,8,-0.130821606731842E+002,15,0.460030280615697E-003,15,-0.1308,4
64,256,1,5,4,0.12863E+003,5,8,0.128629984260314E+003,15,0.458041117497032E-003,15,0.1286,4
64,256,1,6,4,0.15766E+003,5,8,0.157666582364970E+003,15,0.430167582010199E-003,15,0.15766,5
64,256,1,7,4,0.27293E+003,5,8,0.272936606664996E+003,15,0.486433962009868E-003,15,0.27293,5
64,256,1,8,4,-0.22657E+003,5,8,-0.226574426500749E+003,15,0.451891374723345E-003,15,-0.22657,5
64,256,1,9,4,-0.96375E+002,5,8,-0.963759972646730E+002,15,0.458120792856675E-003,15,-0.96375,5
64,256,1,10,4,-0.10327E+003,5,8,-0.103273154132391E+003,15,0.459226792969502E-003,15,-0.10327,5
64,256,N,1,4,0.14157E+003,5,8,0.141572039192122E+003,15,0.460400976692199E-003,15,0.14157,5
64,256,N,2,4,-0.94449E+002,5,8,-0.944495209071064E+002,15,0.464917523160579E-003,15,-0.94449,5
64,256,N,3,4,-0.12072E+003,5,8,-0.120728547775728E+003,15,0.459396822407143E-003,15,-0.12072,5
64,256,N,4,4,-0.1307E+002,4,8,-0.130798596802633E+002,15,0.463114508118422E-003,15,-0.1307,4
64,256,N,5,4,0.12862E+003,5,8,0.128627720266937E+003,15,0.443388661835797E-003,15,0.12862,5
64,256,N,6,4,0.15766E+003,5,8,0.157668878098455E+003,15,0.463942560372743E-003,15,0.15766,5
64,256,N,7,4,0.27293E+003,5,8,0.272934585153896E+003,15,0.453094801400766E-003,15,0.27293,5
64,256,N,8,4,-0.22657E+003,5,8,-0.226571982118515E+003,15,0.469260442827135E-003,15,-0.22657,5
64,256,N,9,4,-0.96378E+002,5,8,-0.963788888950366E+002,15,0.440408708527684E-003,15,-0.96378,5
64,256,N,10,4,-0.10327E+003,5,8,-0.103270968573557E+003,15,0.440416005105248E-003,15,-0.10327,5
128,128,1,1,4,0.14157E+003,5,8,0.141574384913979E+003,15,0.474705160740995E-003,15,0.14157,5
128,128,1,2,4,-0.94451E+002,5,8,-0.944515437528662E+002,15,0.463430600575520E-003,15,-0.94451,5
128,128,1,3,4,-0.12072E+003,5,8,-0.120726427593710E+003,15,0.465272746936307E-003,15,-0.12072,5
128,128,1,4,4,-0.1308E+002,4,8,-0.130821606731842E+002,15,0.474017503922397E-003,15,-0.1308,4
128,128,1,5,4,0.12863E+003,5,8,0.128629984260314E+003,15,0.447868591436417E-003,15,0.1286,4
128,128,1,6,4,0.15766E+003,5,8,0.157666582364970E+003,15,0.460685160135199E-003,15,0.15766,5
128,128,1,7,4,0.27293E+003,5,8,0.272936606664996E+003,15,0.486433962009868E-003,15,0.27293,5
128,128,1,8,4,-0.22657E+003,5,8,-0.226574426500749E+003,15,0.431546322630538E-003,15,-0.22657,5
128,128,1,9,4,-0.96375E+002,5,8,-0.963759972646730E+002,15,0.488638370981675E-003,15,-0.96375,5
128,128,1,10,4,-0.10327E+003,5,8,-0.103273154132391E+003,15,0.459226792969502E-003,15,-0.10327,5
128,128,N,1,4,0.14157E+003,5,8,0.141572039192122E+003,15,0.460400976692199E-003,15,0.14157,5
128,128,N,2,4,-0.94449E+002,5,8,-0.944495209071064E+002,15,0.485262575239175E-003,15,-0.94449,5
128,128,N,3,4,-0.12072E+003,5,8,-0.120728547775728E+003,15,0.469569348439335E-003,15,-0.12072,5
128,128,N,4,4,-0.1307E+002,4,8,-0.130798596802633E+002,15,0.452941982075572E-003,15,-0.1307,4
128,128,N,5,4,0.12862E+003,5,8,0.128627720266937E+003,15,0.453561187896411E-003,15,0.12862,5
128,128,N,6,4,0.15766E+003,5,8,0.157668878098455E+003,15,0.463942560372743E-003,15,0.15766,5
128,128,N,7,4,0.27293E+003,5,8,0.272934585153896E+003,15,0.453094801400766E-003,15,0.27293,5
128,128,N,8,4,-0.22657E+003,5,8,-0.226571982118515E+003,15,0.489605494919942E-003,15,-0.22657,5
128,128,N,9,4,-0.96378E+002,5,8,-0.963788888950366E+002,15,0.460753760606280E-003,15,-0.96378,5
128,128,N,10,4,-0.10327E+003,5,8,-0.103270968573557E+003,15,0.460761057183844E-003,15,-0.10327,5
256,64,1,1,4,0.14157E+003,5,8,0.141574384913979E+003,15,0.464532634708803E-003,15,0.14157,5
256,64,1,2,4,-0.94451E+002,5,8,-0.944515437528662E+002,15,0.432913022450520E-003,15,-0.94451,5
256,64,1,3,4,-0.12072E+003,5,8,-0.120726427593710E+003,15,0.444927694843499E-003,15,-0.12072,5
256,64,1,4,4,-0.1308E+002,4,8,-0.130821606731842E+002,15,0.449857754574622E-003,15,-0.1308,4
256,64,1,5,4,0.12863E+003,5,8,0.128629984260314E+003,15,0.437696065404225E-003,15,0.1286,4
256,64,1,6,4,0.15766E+003,5,8,0.157666582364970E+003,15,0.470857686195813E-003,15,0.15766,5
256,64,1,7,4,0.27293E+003,5,8,0.272936606664996E+003,15,0.445743857824254E-003,15,0.27293,5
256,64,1,8,4,-0.22657E+003,5,8,-0.226574426500749E+003,15,0.451891374723345E-003,15,-0.22657,5
256,64,1,9,4,-0.96375E+002,5,8,-0.963759972646730E+002,15,0.468293318903079E-003,15,-0.96375,5
256,64,1,10,4,-0.10327E+003,5,8,-0.103273154132391E+003,15,0.449054266937309E-003,15,-0.10327,5
256,64,N,1,4,0.14157E+003,5,8,0.141572039192122E+003,15,0.450228450660006E-003,15,0.14157,5
256,64,N,2,4,-0.94449E+002,5,8,-0.944495209071064E+002,15,0.464917523160579E-003,15,-0.94449,5
256,64,N,3,4,-0.12072E+003,5,8,-0.120728547775728E+003,15,0.439051770314335E-003,15,-0.12072,5
256,64,N,4,4,-0.1307E+002,4,8,-0.130798596802633E+002,15,0.455485113587172E-003,15,-0.1307,4
256,64,N,5,4,0.12862E+003,5,8,0.128627720266937E+003,15,0.443388661835797E-003,15,0.12862,5
256,64,N,6,4,0.15766E+003,5,8,0.157668878098455E+003,15,0.474115086433357E-003,15,0.15766,5
256,64,N,7,4,0.27293E+003,5,8,0.272934585153896E+003,15,0.432749749336380E-003,15,0.27293,5
256,64,N,8,4,-0.22657E+003,5,8,-0.226571982118515E+003,15,0.448915390734327E-003,15,-0.22657,5
256,64,N,9,4,-0.96378E+002,5,8,-0.963788888950366E+002,15,0.481098812684876E-003,15,-0.96378,5
256,64,N,10,4,-0.10327E+003,5,8,-0.103270968573557E+003,15,0.460761057183844E-003,15,-0.10327,5
32,512,1,1,5,0.14157E+003,5,8,0.141574384913979E+003,15,0.505222738865995E-003,15,0.14157,5
32,512,1,2,5,-0.94451E+002,5,8,-0.944515437528662E+002,15,0.402395444325520E-003,15,-0.94451,5
32,512,1,3,5,-0.12072E+003,5,8,-0.120726427593710E+003,15,0.404237590686307E-003,15,-0.12072,5
32,512,1,4,5,-0.1308E+002,4,8,-0.130821606731842E+002,15,0.424426439469272E-003,15,-0.1308,4
32,512,1,5,5,0.12863E+003,5,8,0.128629984260314E+003,15,0.386833435186417E-003,15,0.1286,4
32,512,1,6,5,0.15766E+003,5,8,0.157666582364970E+003,15,0.450512634103006E-003,15,0.15766,5
32,512,1,7,5,0.27293E+003,5,8,0.272936606664996E+003,15,0.506779014074254E-003,15,0.27293,5
32,512,1,8,5,-0.22657E+003,5,8,-0.226574426500749E+003,15,0.492581478880538E-003,15,-0.22657,5
32,512,1,9,5,-0.96375E+002,5,8,-0.963759972646730E+002,15,0.407258162653079E-003,15,-0.96375,5
32,512,1,10,5,-0.10327E+003,5,8,-0.103273154132391E+003,15,0.398191636719502E-003,15,-0.10327,5
32,512,N,1,5,0.14157E+003,5,8,0.141572039192122E+003,15,0.470573502752813E-003,15,0.14157,5
32,512,N,2,5,-0.94449E+002,5,8,-0.944495209071064E+002,15,0.444572471081983E-003,15,-0.94449,5
32,512,N,3,5,-0.12072E+003,5,8,-0.120728547775728E+003,15,0.459396822407143E-003,15,-0.12072,5
32,512,N,4,5,-0.1307E+002,4,8,-0.130798596802633E+002,15,0.458028245096997E-003,15,-0.1307,4
32,512,N,5,5,0.12862E+003,5,8,0.128627720266937E+003,15,0.453561187896411E-003,15,0.12862,5
32,512,N,6,5,0.15766E+003,5,8,0.157668878098455E+003,15,0.474115086433357E-003,15,0.15766,5
32,512,N,7,5,0.27293E+003,5,8,0.272934585153896E+003,15,0.432749749336380E-003,15,0.27293,5
32,512,N,8,5,-0.22657E+003,5,8,-0.226571982118515E+003,15,0.489605494919942E-003,15,-0.22657,5
32,512,N,9,5,-0.96378E+002,5,8,-0.963788888950366E+002,15,0.460753760606280E-003,15,-0.96378,5
32,512,N,10,5,-0.10327E+003,5,8,-0.103270968573557E+003,15,0.470933583230248E-003,15,-0.10327,5
64,256,1,1,5,0.14157E+003,5,8,0.141574384913979E+003,15,0.474705160740995E-003,15,0.14157,5
64,256,1,2,5,-0.94451E+002,5,8,-0.944515437528662E+002,15,0.392222918279117E-003,15,-0.94451,5
64,256,1,3,5,-0.12072E+003,5,8,-0.120726427593710E+003,15,0.485617799014903E-003,15,-0.12072,5
64,256,1,4,5,-0.1308E+002,4,8,-0.130821606731842E+002,15,0.299812995459447E-003,15,-0.1308,4
64,256,1,5,5,0.12863E+003,5,8,0.128629984260314E+003,15,0.458041117497032E-003,15,0.1286,4
64,256,1,6,5,0.15766E+003,5,8,0.157666582364970E+003,15,0.430167582010199E-003,15,0.15766,5
64,256,1,7,5,0.27293E+003,5,8,0.272936606664996E+003,15,0.486433962009868E-003,15,0.27293,5
64,256,1,8,5,-0.22657E+003,5,8,-0.226574426500749E+003,15,0.451891374723345E-003,15,-0.22657,5
64,256,1,9,5,-0.96375E+002,5,8,-0.963759972646730E+002,15,0.458120792856675E-003,15,-0.96375,5
64,256,1,10,5,-0.10327E+003,5,8,-0.103273154132391E+003,15,0.459226792969502E-003,15,-0.10327,5
64,256,N,1,5,0.14157E+003,5,8,0.141572039192122E+003,15,0.460400976692199E-003,15,0.14157,5
64,256,N,2,5,-0.94449E+002,5,8,-0.944495209071064E+002,15,0.464917523160579E-003,15,-0.94449,5
64,256,N,3,5,-0.12072E+003,5,8,-0.120728547775728E+003,15,0.459396822407143E-003,15,-0.12072,5
64,256,N,4,5,-0.1307E+002,4,8,-0.130798596802633E+002,15,0.463114508118422E-003,15,-0.1307,4
64,256,N,5,5,0.12862E+003,5,8,0.128627720266937E+003,15,0.443388661835797E-003,15,0.12862,5
64,256,N,6,5,0.15766E+003,5,8,0.157668878098455E+003,15,0.463942560372743E-003,15,0.15766,5
64,256,N,7,5,0.27293E+003,5,8,0.272934585153896E+003,15,0.453094801400766E-003,15,0.27293,5
64,256,N,8,5,-0.22657E+003,5,8,-0.226571982118515E+003,15,0.469260442827135E-003,15,-0.22657,5
64,256,N,9,5,-0.96378E+002,5,8,-0.963788888950366E+002,15,0.440408708527684E-003,15,-0.96378,5
64,256,N,10,5,-0.10327E+003,5,8,-0.103270968573557E+003,15,0.440416005105248E-003,15,-0.10327,5
128,128,1,1,5,0.14157E+003,5,8,0.141574384913979E+003,15,0.474705160740995E-003,15,0.14157,5
128,128,1,2,5,-0.94451E+002,5,8,-0.944515437528662E+002,15,0.463430600575520E-003,15,-0.94451,5
128,128,1,3,5,-0.12072E+003,5,8,-0.120726427593710E+003,15,0.465272746936307E-003,15,-0.12072,5
128,128,1,4,5,-0.1308E+002,4,8,-0.130821606731842E+002,15,0.474017503922397E-003,15,-0.1308,4
128,128,1,5,5,0.12863E+003,5,8,0.128629984260314E+003,15,0.447868591436417E-003,15,0.1286,4
128,128,1,6,5,0.15766E+003,5,8,0.157666582364970E+003,15,0.460685160135199E-003,15,0.15766,5
128,128,1,7,5,0.27293E+003,5,8,0.272936606664996E+003,15,0.486433962009868E-003,15,0.27293,5
128,128,1,8,5,-0.22657E+003,5,8,-0.226574426500749E+003,15,0.431546322630538E-003,15,-0.22657,5
128,128,1,9,5,-0.96375E+002,5,8,-0.963759972646730E+002,15,0.488638370981675E-003,15,-0.96375,5
128,128,1,10,5,-0.10327E+003,5,8,-0.103273154132391E+003,15,0.459226792969502E-003,15,-0.10327,5
128,128,N,1,5,0.14157E+003,5,8,0.141572039192122E+003,15,0.460400976692199E-003,15,0.14157,5
128,128,N,2,5,-0.94449E+002,5,8,-0.944495209071064E+002,15,0.485262575239175E-003,15,-0.94449,5
128,128,N,3,5,-0.12072E+003,5,8,-0.120728547775728E+003,15,0.469569348439335E-003,15,-0.12072,5
128,128,N,4,5,-0.1307E+002,4,8,-0.130798596802633E+002,15,0.452941982075572E-003,15,-0.1307,4
128,128,N,5,5,0.12862E+003,5,8,0.128627720266937E+003,15,0.453561187896411E-003,15,0.12862,5
128,128,N,6,5,0.15766E+003,5,8,0.157668878098455E+003,15,0.402907404122743E-003,15,0.15766,5
128,128,N,7,5,0.27293E+003,5,8,0.272934585153896E+003,15,0.453094801400766E-003,15,0.27293,5
128,128,N,8,5,-0.22657E+003,5,8,-0.226571982118515E+003,15,0.489605494919942E-003,15,-0.22657,5
128,128,N,9,5,-0.96378E+002,5,8,-0.963788888950366E+002,15,0.460753760606280E-003,15,-0.96378,5
128,128,N,10,5,-0.10327E+003,5,8,-0.103270968573557E+003,15,0.460761057183844E-003,15,-0.10327,5
256,64,1,1,5,0.14157E+003,5,8,0.141574384913979E+003,15,0.464532634708803E-003,15,0.14157,5
256,64,1,2,5,-0.94451E+002,5,8,-0.944515437528662E+002,15,0.432913022450520E-003,15,-0.94451,5
256,64,1,3,5,-0.12072E+003,5,8,-0.120726427593710E+003,15,0.444927694843499E-003,15,-0.12072,5
256,64,1,4,5,-0.1308E+002,4,8,-0.130821606731842E+002,15,0.449857754574622E-003,15,-0.1308,4
256,64,1,5,5,0.12863E+003,5,8,0.128629984260314E+003,15,0.437696065404225E-003,15,0.1286,4
256,64,1,6,5,0.15766E+003,5,8,0.157666582364970E+003,15,0.470857686195813E-003,15,0.15766,5
256,64,1,7,5,0.27293E+003,5,8,0.272936606664996E+003,15,0.445743857824254E-003,15,0.27293,5
256,64,1,8,5,-0.22657E+003,5,8,-0.226574426500749E+003,15,0.451891374723345E-003,15,-0.22657,5
256,64,1,9,5,-0.96375E+002,5,8,-0.963759972646730E+002,15,0.468293318903079E-003,15,-0.96375,5
256,64,1,10,5,-0.10327E+003,5,8,-0.103273154132391E+003,15,0.449054266937309E-003,15,-0.10327,5
256,64,N,1,5,0.14157E+003,5,8,0.141572039192122E+003,15,0.450228450660006E-003,15,0.14157,5
256,64,N,2,5,-0.94449E+002,5,8,-0.944495209071064E+002,15,0.464917523160579E-003,15,-0.94449,5
256,64,N,3,5,-0.12072E+003,5,8,-0.120728547775728E+003,15,0.439051770314335E-003,15,-0.12072,5
256,64,N,4,5,-0.1307E+002,4,8,-0.130798596802633E+002,15,0.455485113587172E-003,15,-0.1307,4
256,64,N,5,5,0.12862E+003,5,8,0.128627720266937E+003,15,0.229765614960797E-003,15,0.12862,5
256,64,N,6,5,0.15766E+003,5,8,0.157668878098455E+003,15,0.474115086433357E-003,15,0.15766,5
256,64,N,7,5,0.27293E+003,5,8,0.272934585153896E+003,15,0.432749749336380E-003,15,0.27293,5
256,64,N,8,5,-0.22657E+003,5,8,-0.226571982118515E+003,15,0.448915390734327E-003,15,-0.22657,5
256,64,N,9,5,-0.96378E+002,5,8,-0.963788888950366E+002,15,0.481098812684876E-003,15,-0.96378,5
256,64,N,10,5,-0.10327E+003,5,8,-0.103270968573557E+003,15,0.460761057183844E-003,15,-0.10327,5
32,512,1,1,6,0.14157E+003,5,8,0.141574384913979E+003,15,0.342462322208803E-003,15,0.14157,5
32,512,1,2,6,-0.94451E+002,5,8,-0.944515437528662E+002,15,0.361705340154117E-003,15,-0.94451,5
32,512,1,3,6,-0.12072E+003,5,8,-0.120726427593710E+003,15,0.414410116718499E-003,15,-0.12072,5
32,512,1,4,6,-0.1308E+002,4,8,-0.130821606731842E+002,15,0.371020677750522E-003,15,-0.1308,4
32,512,1,5,6,0.12863E+003,5,8,0.128629984260314E+003,15,0.386833435186417E-003,15,0.1286,4
32,512,1,6,6,0.15766E+003,5,8,0.157666582364970E+003,15,0.399650003885199E-003,15,0.15766,5
32,512,1,7,6,0.27293E+003,5,8,0.272936606664996E+003,15,0.466088909888640E-003,15,0.27293,5
32,512,1,8,6,-0.22657E+003,5,8,-0.226574426500749E+003,15,0.492581478880538E-003,15,-0.22657,5
32,512,1,9,6,-0.96375E+002,5,8,-0.963759972646730E+002,15,0.447948266810271E-003,15,-0.96375,5
32,512,1,10,6,-0.10327E+003,5,8,-0.103273154132391E+003,15,0.428709214844502E-003,15,-0.10327,5
32,512,N,1,6,0.14157E+003,5,8,0.141572039192122E+003,15,0.358675716285006E-003,15,0.14157,5
32,512,N,2,6,-0.94449E+002,5,8,-0.944495209071064E+002,15,0.393709840864175E-003,15,-0.94449,5
32,512,N,3,6,-0.12072E+003,5,8,-0.120728547775728E+003,15,0.378016614064335E-003,15,-0.12072,5
32,512,N,4,6,-0.1307E+002,4,8,-0.130798596802633E+002,15,0.396993088846997E-003,15,-0.1307,4
32,512,N,5,6,0.12862E+003,5,8,0.128627720266937E+003,15,0.392526031646411E-003,15,0.12862,5
32,512,N,6,6,0.15766E+003,5,8,0.157668878098455E+003,15,0.392734878090550E-003,15,0.15766,5
32,512,N,7,6,0.27293E+003,5,8,0.272934585153896E+003,15,0.412404697271995E-003,15,0.27293,5
32,512,N,8,6,-0.22657E+003,5,8,-0.226571982118515E+003,15,0.408225286577135E-003,15,-0.22657,5
32,512,N,9,6,-0.96378E+002,5,8,-0.963788888950366E+002,15,0.399718604356280E-003,15,-0.96378,5
32,512,N,10,6,-0.10327E+003,5,8,-0.103270968573557E+003,15,0.399725900933844E-003,15,-0.10327,5
64,256,1,1,6,0.14157E+003,5,8,0.141574384913979E+003,15,0.484877686801610E-003,15,0.14157,5
64,256,1,2,6,-0.94451E+002,5,8,-0.944515437528662E+002,15,0.422740496404117E-003,15,-0.94451,5
64,256,1,3,6,-0.12072E+003,5,8,-0.120726427593710E+003,15,0.434755168811307E-003,15,-0.12072,5
64,256,1,4,6,-0.1308E+002,4,8,-0.130821606731842E+002,15,0.440956794287572E-003,15,-0.1308,4
64,256,1,5,6,0.12863E+003,5,8,0.128629984260314E+003,15,0.417351013311417E-003,15,0.1286,4
64,256,1,6,6,0.15766E+003,5,8,0.157666582364970E+003,15,0.481030212228006E-003,15,0.15766,5
64,256,1,7,6,0.27293E+003,5,8,0.272936606664996E+003,15,0.425398805759868E-003,15,0.27293,5
64,256,1,8,6,-0.22657E+003,5,8,-0.226574426500749E+003,15,0.451891374723345E-003,15,-0.22657,5
64,256,1,9,6,-0.96375E+002,5,8,-0.963759972646730E+002,15,0.417430688685271E-003,15,-0.96375,5
64,256,1,10,6,-0.10327E+003,5,8,-0.103273154132391E+003,15,0.438881740890906E-003,15,-0.10327,5
64,256,N,1,6,0.14157E+003,5,8,0.141572039192122E+003,15,0.440055924627813E-003,15,0.14157,5
64,256,N,2,6,-0.94449E+002,5,8,-0.944495209071064E+002,15,0.454744997114175E-003,15,-0.94449,5
64,256,N,3,6,-0.12072E+003,5,8,-0.120728547775728E+003,15,0.428879244282143E-003,15,-0.12072,5
64,256,N,4,6,-0.1307E+002,4,8,-0.130798596802633E+002,15,0.447855719055922E-003,15,-0.1307,4
64,256,N,5,6,0.12862E+003,5,8,0.128627720266937E+003,15,0.412871083710797E-003,15,0.12862,5
64,256,N,6,6,0.15766E+003,5,8,0.157668878098455E+003,15,0.433424982247743E-003,15,0.15766,5
64,256,N,7,6,0.27293E+003,5,8,0.272934585153896E+003,15,0.432749749336380E-003,15,0.27293,5
64,256,N,8,6,-0.22657E+003,5,8,-0.226571982118515E+003,15,0.448915390734327E-003,15,-0.22657,5
64,256,N,9,6,-0.96378E+002,5,8,-0.963788888950366E+002,15,0.450581234559876E-003,15,-0.96378,5
64,256,N,10,6,-0.10327E+003,5,8,-0.103270968573557E+003,15,0.420070953026652E-003,15,-0.10327,5
128,128,1,1,6,0.14157E+003,5,8,0.141574384913979E+003,15,0.423842530551610E-003,15,0.14157,5
128,128,1,2,6,-0.94451E+002,5,8,-0.944515437528662E+002,15,0.412567970357713E-003,15,-0.94451,5
128,128,1,3,6,-0.12072E+003,5,8,-0.120726427593710E+003,15,0.414410116718499E-003,15,-0.12072,5
128,128,1,4,6,-0.1308E+002,4,8,-0.130821606731842E+002,15,0.405352953141147E-003,15,-0.1308,4
128,128,1,5,6,0.12863E+003,5,8,0.128629984260314E+003,15,0.427523539372032E-003,15,0.1286,4
128,128,1,6,6,0.15766E+003,5,8,0.157666582364970E+003,15,0.379304951820813E-003,15,0.15766,5
128,128,1,7,6,0.27293E+003,5,8,0.272936606664996E+003,15,0.425398805759868E-003,15,0.27293,5
128,128,1,8,6,-0.22657E+003,5,8,-0.226574426500749E+003,15,0.390856218473345E-003,15,-0.22657,5
128,128,1,9,6,-0.96375E+002,5,8,-0.963759972646730E+002,15,0.417430688685271E-003,15,-0.96375,5
128,128,1,10,6,-0.10327E+003,5,8,-0.103273154132391E+003,15,0.398191636719502E-003,15,-0.10327,5
128,128,N,1,6,0.14157E+003,5,8,0.141572039192122E+003,15,0.419710872535006E-003,15,0.14157,5
128,128,N,2,6,-0.94449E+002,5,8,-0.944495209071064E+002,15,0.434399945035579E-003,15,-0.94449,5
128,128,N,3,6,-0.12072E+003,5,8,-0.120728547775728E+003,15,0.418706718235739E-003,15,-0.12072,5
128,128,N,4,6,-0.1307E+002,4,8,-0.130798596802633E+002,15,0.412251877909497E-003,15,-0.1307,4
128,128,N,5,6,0.12862E+003,5,8,0.128627720266937E+003,15,0.443388661835797E-003,15,0.12862,5
128,128,N,6,6,0.15766E+003,5,8,0.157668878098455E+003,15,0.433424982247743E-003,15,0.15766,5
128,128,N,7,6,0.27293E+003,5,8,0.272934585153896E+003,15,0.412404697271995E-003,15,0.27293,5
128,128,N,8,6,-0.22657E+003,5,8,-0.226571982118515E+003,15,0.428570338669942E-003,15,-0.22657,5
128,128,N,9,6,-0.96378E+002,5,8,-0.963788888950366E+002,15,0.420063656434876E-003,15,-0.96378,5
128,128,N,10,6,-0.10327E+003,5,8,-0.103270968573557E+003,15,0.420070953026652E-003,15,-0.10327,5
256,64,1,1,6,0.14157E+003,5,8,0.141574384913979E+003,15,0.454360108676610E-003,15,0.14157,5
256,64,1,2,6,-0.94451E+002,5,8,-0.944515437528662E+002,15,0.402395444325520E-003,15,-0.94451,5
256,64,1,3,6,-0.12072E+003,5,8,-0.120726427593710E+003,15,0.424582642764903E-003,15,-0.12072,5
256,64,1,4,6,-0.1308E+002,4,8,-0.130821606731842E+002,15,0.437142097021947E-003,15,-0.1308,4
256,64,1,5,6,0.12863E+003,5,8,0.128629984260314E+003,15,0.427523539372032E-003,15,0.1286,4
256,64,1,6,6,0.15766E+003,5,8,0.157666582364970E+003,15,0.419995055978006E-003,15,0.15766,5
256,64,1,7,6,0.27293E+003,5,8,0.272936606664996E+003,15,0.445743857824254E-003,15,0.27293,5
256,64,1,8,6,-0.22657E+003,5,8,-0.226574426500749E+003,15,0.390856218473345E-003,15,-0.22657,5
256,64,1,9,6,-0.96375E+002,5,8,-0.963759972646730E+002,15,0.447948266810271E-003,15,-0.96375,5
256,64,1,10,6,-0.10327E+003,5,8,-0.103273154132391E+003,15,0.428709214844502E-003,15,-0.10327,5
256,64,N,1,6,0.14157E+003,5,8,0.141572039192122E+003,15,0.419710872535006E-003,15,0.14157,5
256,64,N,2,6,-0.94449E+002,5,8,-0.944495209071064E+002,15,0.424227418989175E-003,15,-0.94449,5
256,64,N,3,6,-0.12072E+003,5,8,-0.120728547775728E+003,15,0.184738619282143E-003,15,-0.12072,5
256,64,N,4,6,-0.1307E+002,4,8,-0.130798596802633E+002,15,0.430053798481822E-003,15,-0.1307,4
256,64,N,5,6,0.12862E+003,5,8,0.128627720266937E+003,15,0.412871083710797E-003,15,0.12862,5
256,64,N,6,6,0.15766E+003,5,8,0.157668878098455E+003,15,0.433424982247743E-003,15,0.15766,5
256,64,N,7,6,0.27293E+003,5,8,0.272934585153896E+003,15,0.432749749336380E-003,15,0.27293,5
256,64,N,8,6,-0.22657E+003,5,8,-0.226571982118515E+003,15,0.428570338669942E-003,15,-0.22657,5
256,64,N,9,6,-0.96378E+002,5,8,-0.963788888950366E+002,15,0.420063656434876E-003,15,-0.96378,5
256,64,N,10,6,-0.10327E+003,5,8,-0.103270968573557E+003,15,0.430243479058844E-003,15,-0.10327,5
32,512,1,1,7,0.141574E+003,6,8,0.141574384913979E+003,15,0.454360108676610E-003,15,0.141574,6
32,512,1,2,7,-0.944511E+002,6,8,-0.944515437528662E+002,15,0.382050392232713E-003,15,-0.94451,5
32,512,1,3,7,-0.120726E+003,6,8,-0.120726427593710E+003,15,0.414410116718499E-003,15,-0.120726,6
32,512,1,4,7,-0.13081E+002,5,8,-0.130821606731842E+002,15,0.405352953141147E-003,15,-0.1308,4
32,512,1,5,7,0.128630E+003,6,8,0.128629984260314E+003,15,0.376660909154225E-003,15,0.1286,4
32,512,1,6,7,0.157667E+003,6,8,0.157666582364970E+003,15,0.419995055978006E-003,15,0.15766,5
32,512,1,7,7,0.272937E+003,6,8,0.272936606664996E+003,15,0.506779014074254E-003,15,0.27293,5
32,512,1,8,7,-0.226573E+003,6,8,-0.226574426500749E+003,15,0.573961687223345E-003,15,-0.22657,5
32,512,1,9,7,-0.963755E+002,6,8,-0.963759972646730E+002,15,0.478465844935271E-003,15,-0.96375,5
32,512,1,10,7,-0.103272E+003,6,8,-0.103273154132391E+003,15,0.418536688812309E-003,15,-0.10327,5
32,512,N,1,7,0.141572E+003,6,8,0.141572039192122E+003,15,0.409538346502813E-003,15,0.141572,6
32,512,N,2,7,-0.9444907E+002,7,8,-0.944495209071064E+002,15,0.444572471081983E-003,15,-0.94449,5
32,512,N,3,7,-0.1207280E+003,7,8,-0.120728547775728E+003,15,0.449224296360739E-003,15,-0.120728,6
32,512,N,4,7,-0.130794E+002,6,8,-0.130798596802633E+002,15,0.455485113587172E-003,15,-0.13079,5
32,512,N,5,7,0.128628E+003,6,8,0.128627720266937E+003,15,0.412871083710797E-003,15,0.12862,5
32,512,N,6,7,0.1576693E+003,7,8,0.157668878098455E+003,15,0.433424982247743E-003,15,0.15766,5
32,512,N,7,7,0.2729350E+003,7,8,0.272934585153896E+003,15,0.432749749336380E-003,15,0.27293,5
32,512,N,8,7,-0.2265715E+003,7,8,-0.226571982118515E+003,15,0.408225286577135E-003,15,-0.226571,6
32,512,N,9,7,-0.9637848E+002,7,8,-0.963788888950366E+002,15,0.399718604356280E-003,15,-0.96378,5
32,512,N,10,7,-0.1032705E+003,7,8,-0.103270968573557E+003,15,0.409898426980248E-003,15,-0.103270,6
64,256,1,1,7,0.141574E+003,6,8,0.141574384913979E+003,15,0.484877686801610E-003,15,0.141574,6
64,256,1,2,7,-0.944511E+002,6,8,-0.944515437528662E+002,15,0.432913022450520E-003,15,-0.94451,5
64,256,1,3,7,-0.120725E+003,6,8,-0.120726427593710E+003,15,0.495790325061307E-003,15,-0.12072,5
64,256,1,4,7,-0.13081E+002,5,8,-0.130821606731842E+002,15,0.465116543637122E-003,15,-0.1308,4
64,256,1,5,7,0.128630E+003,6,8,0.128629984260314E+003,15,0.427523539372032E-003,15,0.1286,4
64,256,1,6,7,0.157667E+003,6,8,0.157666582364970E+003,15,0.460685160135199E-003,15,0.15766,5
64,256,1,7,7,0.272937E+003,6,8,0.272936606664996E+003,15,0.506779014074254E-003,15,0.27293,5
64,256,1,8,7,-0.226573E+003,6,8,-0.226574426500749E+003,15,0.512926530973345E-003,15,-0.22657,5
64,256,1,9,7,-0.963755E+002,6,8,-0.963759972646730E+002,15,0.427603214731675E-003,15,-0.96375,5
64,256,1,10,7,-0.103272E+003,6,8,-0.103273154132391E+003,15,0.449054266937309E-003,15,-0.10327,5
64,256,N,1,7,0.1415724E+003,7,8,0.141572039192122E+003,15,0.440055924627813E-003,15,0.141572,6
64,256,N,2,7,-0.944490E+002,6,8,-0.944495209071064E+002,15,0.444572471081983E-003,15,-0.94449,5
64,256,N,3,7,-0.1207280E+003,7,8,-0.120728547775728E+003,15,0.459396822407143E-003,15,-0.120728,6
64,256,N,4,7,-0.130793E+002,6,8,-0.130798596802633E+002,15,0.475830165669322E-003,15,-0.13079,5
64,256,N,5,7,0.1286281E+003,7,8,0.128627720266937E+003,15,0.453561187896411E-003,15,0.12862,5
64,256,N,6,7,0.1576692E+003,7,8,0.157668878098455E+003,15,0.423252456215550E-003,15,0.15766,5
64,256,N,7,7,0.2729350E+003,7,8,0.272934585153896E+003,15,0.473439853521995E-003,15,0.27293,5
64,256,N,8,7,-0.2265715E+003,7,8,-0.226571982118515E+003,15,0.469260442827135E-003,15,-0.226571,6
64,256,N,9,7,-0.9637842E+002,7,8,-0.963788888950366E+002,15,0.450581234559876E-003,15,-0.96378,5
64,256,N,10,7,-0.1032705E+003,7,8,-0.103270968573557E+003,15,0.460761057183844E-003,15,-0.103270,6
128,128,1,1,7,0.1415748E+003,7,8,0.141574384913979E+003,15,0.413670004490995E-003,15,0.141574,6
128,128,1,2,7,-0.944511E+002,6,8,-0.944515437528662E+002,15,0.382050392232713E-003,15,-0.94451,5
128,128,1,3,7,-0.1207260E+003,7,8,-0.120726427593710E+003,15,0.414410116718499E-003,15,-0.120726,6
128,128,1,4,7,-0.13081E+002,5,8,-0.130821606731842E+002,15,0.402809821631322E-003,15,-0.1308,4
128,128,1,5,7,0.128630E+003,6,8,0.128629984260314E+003,15,0.447868591436417E-003,15,0.1286,4
128,128,1,6,7,0.157667E+003,6,8,0.157666582364970E+003,15,0.501375264320813E-003,15,0.15766,5
128,128,1,7,7,0.2729370E+003,7,8,0.272936606664996E+003,15,0.466088909888640E-003,15,0.27293,5
128,128,1,8,7,-0.226573E+003,6,8,-0.226574426500749E+003,15,0.431546322630538E-003,15,-0.22657,5
128,128,1,9,7,-0.963755E+002,6,8,-0.963759972646730E+002,15,0.427603214731675E-003,15,-0.96375,5
128,128,1,10,7,-0.103272E+003,6,8,-0.103273154132391E+003,15,0.428709214844502E-003,15,-0.10327,5
128,128,N,1,7,0.1415724E+003,7,8,0.141572039192122E+003,15,0.399365820442199E-003,15,0.141572,6
128,128,N,2,7,-0.944490E+002,6,8,-0.944495209071064E+002,15,0.444572471081983E-003,15,-0.94449,5
128,128,N,3,7,-0.1207281E+003,7,8,-0.120728547775728E+003,15,0.439051770314335E-003,15,-0.120728,6
128,128,N,4,7,-0.130793E+002,6,8,-0.130798596802633E+002,15,0.463114508118422E-003,15,-0.13079,5
128,128,N,5,7,0.1286281E+003,7,8,0.128627720266937E+003,15,0.392526031646411E-003,15,0.12862,5
128,128,N,6,7,0.1576693E+003,7,8,0.157668878098455E+003,15,0.453770034340550E-003,15,0.15766,5
128,128,N,7,7,0.2729350E+003,7,8,0.272934585153896E+003,15,0.412404697271995E-003,15,0.27293,5
128,128,N,8,7,-0.2265715E+003,7,8,-0.226571982118515E+003,15,0.408225286577135E-003,15,-0.226571,6
128,128,N,9,7,-0.9637845E+002,7,8,-0.963788888950366E+002,15,0.430236182481280E-003,15,-0.96378,5
128,128,N,10,7,-0.1032705E+003,7,8,-0.103270968573557E+003,15,0.420070953026652E-003,15,-0.103270,6
256,64,1,1,7,0.141574E+003,6,8,0.141574384913979E+003,15,0.393324952426610E-003,15,0.141574,6
256,64,1,2,7,-0.944511E+002,6,8,-0.944515437528662E+002,15,0.361705340154117E-003,15,-0.94451,5
256,64,1,3,7,-0.120725E+003,6,8,-0.120726427593710E+003,15,0.455100220889903E-003,15,-0.12072,5
256,64,1,4,7,-0.13081E+002,5,8,-0.130821606731842E+002,15,0.481646898453647E-003,15,-0.1308,4
256,64,1,5,7,0.128630E+003,6,8,0.128629984260314E+003,15,0.478386169561417E-003,15,0.1286,4
256,64,1,6,7,0.157667E+003,6,8,0.157666582364970E+003,15,0.491202738260199E-003,15,0.15766,5
256,64,1,7,7,0.2729370E+003,7,8,0.272936606664996E+003,15,0.466088909888640E-003,15,0.27293,5
256,64,1,8,7,-0.2265739E+003,7,8,-0.226574426500749E+003,15,0.411201270537731E-003,15,-0.22657,5
256,64,1,9,7,-0.963755E+002,6,8,-0.963759972646730E+002,15,0.427603214731675E-003,15,-0.96375,5
256,64,1,10,7,-0.103272E+003,6,8,-0.103273154132391E+003,15,0.418536688812309E-003,15,-0.10327,5
256,64,N,1,7,0.1415725E+003,7,8,0.141572039192122E+003,15,0.480746028785006E-003,15,0.141572,6
256,64,N,2,7,-0.9444966E+002,7,8,-0.944495209071064E+002,15,0.135261513293016E-003,15,-0.94449,5
256,64,N,3,7,-0.1207280E+003,7,8,-0.120728547775728E+003,15,0.449224296360739E-003,15,-0.120728,6
256,64,N,4,7,-0.130794E+002,6,8,-0.130798596802633E+002,15,0.447855719055922E-003,15,-0.13079,5
256,64,N,5,7,0.1286281E+003,7,8,0.128627720266937E+003,15,0.453561187896411E-003,15,0.12862,5
256,64,N,6,7,0.1576693E+003,7,8,0.157668878098455E+003,15,0.433424982247743E-003,15,0.15766,5
256,64,N,7,7,0.2729350E+003,7,8,0.272934585153896E+003,15,0.432749749336380E-003,15,0.27293,5
256,64,N,8,7,-0.2265715E+003,7,8,-0.226571982118515E+003,15,0.489605494919942E-003,15,-0.226571,6
256,64,N,9,7,-0.9637840E+002,7,8,-0.963788888950366E+002,15,0.470926286652684E-003,15,-0.96378,5
256,64,N,10,7,-0.1032705E+003,7,8,-0.103270968573557E+003,15,0.450588531151652E-003,15,-0.103270,6